{
    "together:\/\/Qwen\/Qwen1.5-110B-Chat":{
        "count":100.0,
        "mean":249.5,
        "std":148.9091309925,
        "min":13.0,
        "25%":117.5,
        "50%":253.0,
        "75%":354.75,
        "max":619.0
    },
    "together:\/\/Qwen\/Qwen1.5-32B-Chat":{
        "count":100.0,
        "mean":246.55,
        "std":156.8863305297,
        "min":13.0,
        "25%":106.75,
        "50%":223.0,
        "75%":360.5,
        "max":645.0
    },
    "together:\/\/meta-llama\/Llama-3-70b-chat-hf":{
        "count":100.0,
        "mean":301.51,
        "std":167.6942561191,
        "min":3.0,
        "25%":167.25,
        "50%":294.5,
        "75%":430.5,
        "max":666.0
    },
    "together:\/\/meta-llama\/Llama-3-8b-chat-hf":{
        "count":100.0,
        "mean":296.15,
        "std":173.9110056287,
        "min":3.0,
        "25%":159.5,
        "50%":271.5,
        "75%":430.0,
        "max":808.0
    },
    "anthropic:\/\/claude-3-opus-20240229":{
        "count":100.0,
        "mean":207.41,
        "std":102.7878166541,
        "min":3.0,
        "25%":154.5,
        "50%":196.5,
        "75%":253.0,
        "max":560.0
    },
    "anthropic:\/\/claude-3-haiku-20240307":{
        "count":100.0,
        "mean":207.83,
        "std":107.6841673552,
        "min":3.0,
        "25%":141.0,
        "50%":199.0,
        "75%":286.25,
        "max":491.0
    },
    "mistral:\/\/open-mixtral-8x22b":{
        "count":100.0,
        "mean":218.27,
        "std":149.9148482212,
        "min":3.0,
        "25%":89.5,
        "50%":199.0,
        "75%":308.25,
        "max":752.0
    },
    "openai:\/\/gpt-4o-2024-05-13":{
        "count":100.0,
        "mean":278.37,
        "std":196.414252759,
        "min":3.0,
        "25%":120.25,
        "50%":246.5,
        "75%":425.0,
        "max":793.0
    },
    "openai:\/\/gpt-4-0613":{
        "count":100.0,
        "mean":186.08,
        "std":128.6406536744,
        "min":1.0,
        "25%":65.75,
        "50%":193.0,
        "75%":292.75,
        "max":505.0
    }
}