{
    "command-r-plus":{
        "count":200.0,
        "mean":222.085,
        "std":16.7987728374,
        "min":178.0,
        "25%":210.0,
        "50%":224.0,
        "75%":235.25,
        "max":249.0
    },
    "command-r":{
        "count":200.0,
        "mean":227.825,
        "std":15.2985162022,
        "min":185.0,
        "25%":218.0,
        "50%":231.5,
        "75%":240.25,
        "max":250.0
    },
    "dbrx-instruct":{
        "count":200.0,
        "mean":233.805,
        "std":13.1968846255,
        "min":174.0,
        "25%":228.0,
        "50%":237.0,
        "75%":243.25,
        "max":250.0
    },
    "Qwen1.5-110B-Chat":{
        "count":200.0,
        "mean":233.35,
        "std":17.9504482664,
        "min":118.0,
        "25%":229.0,
        "50%":239.0,
        "75%":245.0,
        "max":250.0
    },
    "Qwen1.5-72B-Chat":{
        "count":200.0,
        "mean":236.805,
        "std":11.5973907566,
        "min":179.0,
        "25%":231.75,
        "50%":239.0,
        "75%":245.0,
        "max":250.0
    },
    "Qwen1.5-32B-Chat":{
        "count":200.0,
        "mean":236.955,
        "std":11.1108157275,
        "min":191.0,
        "25%":232.0,
        "50%":240.0,
        "75%":245.0,
        "max":250.0
    },
    "Llama-3-70b-chat-hf":{
        "count":200.0,
        "mean":224.63,
        "std":15.9592162375,
        "min":157.0,
        "25%":215.0,
        "50%":228.0,
        "75%":237.0,
        "max":250.0
    },
    "Llama-3-8b-chat-hf":{
        "count":200.0,
        "mean":207.93,
        "std":20.3816623661,
        "min":112.0,
        "25%":197.75,
        "50%":208.5,
        "75%":220.0,
        "max":250.0
    },
    "claude-3-opus-20240229":{
        "count":200.0,
        "mean":228.245,
        "std":14.0810637661,
        "min":188.0,
        "25%":217.75,
        "50%":229.5,
        "75%":240.0,
        "max":250.0
    },
    "claude-3-sonnet-20240229":{
        "count":200.0,
        "mean":226.71,
        "std":13.9635527005,
        "min":188.0,
        "25%":219.0,
        "50%":228.0,
        "75%":236.25,
        "max":250.0
    },
    "claude-3-haiku-20240307":{
        "count":200.0,
        "mean":234.58,
        "std":11.3271852474,
        "min":199.0,
        "25%":228.0,
        "50%":237.5,
        "75%":242.25,
        "max":250.0
    },
    "gemini-1.5-pro-preview-0409":{
        "count":200.0,
        "mean":115.495,
        "std":16.3863521776,
        "min":47.0,
        "25%":105.0,
        "50%":114.0,
        "75%":125.0,
        "max":163.0
    },
    "gemini-1.0-pro":{
        "count":200.0,
        "mean":228.33,
        "std":21.0152158324,
        "min":157.0,
        "25%":217.75,
        "50%":236.0,
        "75%":243.0,
        "max":250.0
    },
    "open-mixtral-8x7b":{
        "count":200.0,
        "mean":233.835,
        "std":12.0308554314,
        "min":167.0,
        "25%":227.75,
        "50%":235.5,
        "75%":244.0,
        "max":250.0
    },
    "open-mixtral-8x22b":{
        "count":200.0,
        "mean":185.75,
        "std":28.7204075362,
        "min":103.0,
        "25%":169.75,
        "50%":187.0,
        "75%":205.25,
        "max":249.0
    },
    "mistral-large-latest":{
        "count":200.0,
        "mean":208.685,
        "std":21.4870716067,
        "min":150.0,
        "25%":194.75,
        "50%":208.5,
        "75%":225.0,
        "max":250.0
    },
    "gpt-4o-2024-05-13":{
        "count":200.0,
        "mean":224.04,
        "std":19.7473590881,
        "min":150.0,
        "25%":213.0,
        "50%":228.0,
        "75%":239.0,
        "max":250.0
    },
    "gpt-3.5-turbo-0125":{
        "count":200.0,
        "mean":187.42,
        "std":15.7717258625,
        "min":111.0,
        "25%":178.0,
        "50%":187.5,
        "75%":198.25,
        "max":229.0
    },
    "gpt-4-0613":{
        "count":200.0,
        "mean":173.12,
        "std":32.3497780627,
        "min":44.0,
        "25%":150.0,
        "50%":173.0,
        "75%":197.0,
        "max":249.0
    },
    "gpt-4-turbo-2024-04-09":{
        "count":200.0,
        "mean":221.57,
        "std":21.8982365459,
        "min":114.0,
        "25%":209.75,
        "50%":228.0,
        "75%":237.0,
        "max":250.0
    }
}