{
    "0":{
        "count":462.0,
        "mean":0.215888408,
        "std":0.181301969,
        "min":-0.0205199977,
        "25%":0.0976833196,
        "50%":0.1723703165,
        "75%":0.2905024236,
        "max":1.0
    }
}