{
    "0":{
        "count":462.0,
        "mean":0.2845691582,
        "std":0.1881037492,
        "min":0.0262406131,
        "25%":0.162575283,
        "50%":0.242228151,
        "75%":0.3569306977,
        "max":1.0
    }
}