{
    "0":{
        "count":462.0,
        "mean":0.6520528594,
        "std":0.1473141718,
        "min":0.2689473684,
        "25%":0.5469736842,
        "50%":0.6647368421,
        "75%":0.7369078947,
        "max":1.0
    }
}