{
    "0":{
        "count":462.0,
        "mean":0.4999145591,
        "std":0.1379071582,
        "min":0.1560526316,
        "25%":0.3971710526,
        "50%":0.5121052632,
        "75%":0.6073684211,
        "max":0.7918421053
    }
}