{
    "0":{
        "count":462.0,
        "mean":0.555947438,
        "std":0.1856469138,
        "min":0.1190591375,
        "25%":0.4400105182,
        "50%":0.5482041499,
        "75%":0.6831513811,
        "max":0.9979056741
    }
}