{
    "0":{
        "count":462.0,
        "mean":0.7157645957,
        "std":0.1252447264,
        "min":0.3588850174,
        "25%":0.6411881727,
        "50%":0.7294589178,
        "75%":0.7982775566,
        "max":0.9563758389
    }
}