{
    "0":{
        "count":462.0,
        "mean":0.875627292,
        "std":0.0598810689,
        "min":0.7016129032,
        "25%":0.8444120816,
        "50%":0.8760107817,
        "75%":0.9173746996,
        "max":0.9994736842
    }
}