{
    "0":{
        "count":462.0,
        "mean":0.7490052842,
        "std":0.1183903457,
        "min":0.4032258065,
        "25%":0.6859718296,
        "50%":0.7520215633,
        "75%":0.8330597251,
        "max":0.9985984032
    }
}